state,proportion
20–24,15.67668894
25–29,8.874279165
30–34,4.679371703
35–39,1.334921148
40–44,2.544744411
45–49,5.052662303
50–54,2.562127887
55–59,5.929214533
60–65,7.74796396
